テストケースID	タイトル	画面	前提条件	テスト手順	テストデータ	期待結果	実際結果	備考
TC-01	作業内容0行では保存できない	入力	マスタに現場・元請・職人がいる	ヘッダだけ入れて保存する	作業内容すべて空	エラー「作業内容を1行以上入力してください。」保存されない	OK	自動: type_missing
TC-02	1行入力で保存できる	入力→確認	同上	作業1行を入れて保存し確認で確定	伝票番号A-1、日付当日、現場あり	確認画面へ進み、確定後に一覧で見える	OK	印・単価区分は任意
TC-03	最大15行まで保存できる	入力	同上	15行すべて作業内容を入れて保存	行1〜15	15件の作業記録ができる	OK	
TC-04	手元の重複は保存できない	入力	手元マスタが2名以上	手元1と手元2に同じ人を選んで保存	同一手元	エラー「手元は同じ人を重複して選べません。」	OK	
TC-05	手元0人は職人控除なし	入力→確認	職人1名	手元なしで保存し確認	手元空	職人控除％は0。職人金額は単価×作業量	OK	
TC-06	手元1人は職人35%控除	入力→確認	手元1名（個人％なし）	手元1人で保存し確認	手元1人	職人控除35%。手元に35%相当が乗る	OK	
TC-07	手元2人は職人40%控除	入力→確認	手元2名	手元2人で保存し確認	手元2人	職人控除40%。手元は人数ルールどおり分割	OK	
TC-08	手元3人は職人40%控除でプール分割	入力→確認	手元3名	手元3人で保存し確認	手元3人	職人控除40%。手元プール40%を3人で分割	OK	
TC-09	手元の個人％は職人控除に使わない	入力→確認	手元のtemoto_percent=22	人数1人・個人22%で確認	手元1人22%	職人控除は35%のまま。手元支払だけ個人％側	OK	
TC-10	元請・職人・応援で単価が分かれる	入力→確認	同じ寸法で3種単価が違う	寸法を選び確認画面を見る	元請1000、職人800、応援900	4区分それぞれ該当単価で金額が出る	OK	マスタ区分
TC-11	職人個別単価が無いとき共通単価	入力	WorkerRateなし、DefaultRateあり	職人を選んで寸法変更	共通単価500	職人側単価が500	OK	
TC-12	一覧は元請を選ぶと元請の伝票だけ	一覧	複数元請の伝票がある	元請ラジオ＋会社を選び表示	元請AとB	Aの伝票のみ。現場グループと合計	OK	職人・手元・応援も同様に4択
TC-13	一覧で職人と手元を分けて選べる	一覧	職人・手元の伝票がある	職人を選ぶ／手元を選ぶ	各1名	職人画面と手元画面が別。混在しない	OK	
TC-14	編集して確認できる	編集→入力内容の確認	未印刷の伝票	作業量を変えて保存	作業量10→12	確認画面で内容を見て、上書き後に反映	OK	
TC-15	削除できる	一覧	未印刷の伝票	削除確認OK	任意	一覧から消える	OK	
TC-16	期間印刷は開始・終了必須	期間印刷	伝票あり	日付片方だけ指定して表示	開始のみ	エラー「開始日と終了日を両方指定してください。」	OK	
TC-17	期間印刷は相手必須	期間印刷	伝票あり	日付だけ入れて表示	相手未選択	エラーで相手を促す	OK	
TC-18	期間内の合計で請求書／支払書が出る	期間印刷	対象期間に複数伝票	相手と期間を指定	9/1〜9/20	対象行のみ表示され総合計が一致	OK	元請=請求書、他=支払書
TC-19	印刷実行で印刷済みになる	期間印刷	未印刷の期間	印刷済みにする	期間内3件	書類がprinted。一覧で印刷済みと分かる。同じ伝票は未請求ではなくなる	OK	
TC-20	同じ内容の再印刷はできる	期間印刷	印刷済み書類がある	同じ相手・期間で再表示	同一期間	同じ固定金額で再表示できる	OK	金額は当時のスナップショット
TC-21	印刷後に単価マスタを変えても金額は変わらない	期間印刷	印刷済みのあと単価変更	単価を上げて再表示	旧1000→新2000	印刷済み書類は旧金額のまま	OK	
TC-22	印刷済み伝票は直接編集できない	編集	印刷済み	編集URLを開く	印刷済み1件	編集不可、または取消を案内	OK	取消して再印刷
TC-23	印刷取消後は再編集・再印刷できる	一覧／期間印刷	printedの書類	取消して編集し再印刷	1件	status=cancelled。伝票は未請求に戻る。再印刷で新書類	OK	
TC-24	元請の締め日と対象期間が見える	一覧（元請）	元請のclosing_day=20	元請を表示	9月操作	今期の締め対象期間（例:8/21〜9/20）と未請求件数が表示される	OK	
TC-25	締め日未設定でも期間手入力はできる	期間印刷	closing_dayなし	手で期間指定	任意	印刷できる。締め表示は出ないか「未設定」	OK	
TC-26	月次集計が当月分を出す	月次	当月と先月の伝票	月次を開く	当月1件・先月1件	当月のみ。月合計が一致	OK	
TC-27	単価マスタを登録すると入力に反映	単価画面→入力	寸法あり	元請単価を登録し入力で寸法選択	単価1234	入力の単価欄／確認金額が1234	OK	get_unit_price
TC-28	伝票番号が同じ行は一括で紐づく	入力	15行中2行入力	同一伝票番号で2作業	A-1が2行	一覧・印刷で同じ伝票として扱われる	OK	
TC-29	作業内容はかな入力から始められる	入力	ログイン済み	伝票入力を開く	作業内容1行目	class=ime-hiragana、lang=ja、ime-mode:active	自動OK	test_create_form_is_grouped
TC-30	印を手入力でき印刷は寸法の横	入力→印刷	寸法D19の伝票	印に「長尺」を入れて保存し印刷	D19＋長尺	入力に印列がある。印刷は「D19　長尺」。空なら寸法のみ	自動OK	印列／D19　長尺
TC-31	2行目以降の作業内容は空でも直前を使う	入力	1行目に作業内容あり	2行目は作業内容空・寸法と量だけ	行1圧接、行2空	2行とも圧接として保存される	自動OK	test_empty_work_type_inherits_previous_line
TC-32	手入力は金額を相手別に入れられる	入力→確認	単価区分=手入力	請求額・支払額・応援額を別値で保存	5000／3000／2000	元請5000、職人3000、応援2000。手元は支払から人数％	自動OK	test_manual_line_uses_separate_party_amounts
TC-33	手入力では単価を開け、金額は単価×作業量	入力→確認	単価区分=手入力	請求単価200・支払150・応援100、作業量10	金額未入力	請求2000、支払1500、応援1000。単価列は入力可	自動OK	test_manual_line_uses_typed_unit_times_qty
TC-34	印刷の現場名は独立行で右へつなげる	期間印刷	伝票1件	元請の期間印刷を開く	現場M、元請I	1行目は伝票番号・日付・現場名。現場名はcolspan=7で上位企業〜金額。現場M（元請I）とは出ない	自動OK	test_moto_print_column_order
TC-35	現場名の次行は上位企業から明細	期間印刷	同上	同じ印刷を見る	元請I、圧接	作業行は伝票番号・日付・現場名が空。上位企業から作業内容・寸法・数量・単価・金額	自動OK	同上
TC-36	同一伝票の繰り返し項目は空欄	期間印刷	同一伝票で現場・作業が続く	期間印刷を開く	R1が3行	伝票番号は1回。同じ現場名・上位企業・作業内容は繰り返さない	自動OK	test_print_blanks_repeated_fields_within_voucher
TC-37	印刷ページ下は空欄行で埋める	期間印刷	行数が1ページ未満	期間印刷のHTMLを見る	数行のみ	page-fillの空欄行がある。空欄は小計に入らない	自動OK	page-fill（JS）
TC-38	印刷列幅は現場名12・作業内容20・寸法14	期間印刷	任意	印刷のスタイルを確認	—	col-site 12%、col-work 20%、col-size 14%	自動OK	test_moto_print_column_order
TC-39	明細見出しの金額に下線なし	期間印刷	任意	項目行の右端を見る	金額	th.col-amountに下線なし。税込合計の二重下線は残る	自動OK	test_moto_print_column_order
TC-40	職人印刷の手元控除は最終行のマイナス	印刷	手元1人・控除あり	職人の単票印刷	手元花子、−4200	手元行は最後。金額は赤のマイナス。印があれば寸法の横	自動OK	test_shokunin_list_and_print_show_helper_minus
TC-41	同じ伝票はページをまたがない	期間印刷	伝票あり	印刷HTMLのページ分け処理を確認	—	1ページ16行・2ページ目以降25行。同じdata-voucherはまとめて次ページへ送る	自動OK	test_print_keeps_voucher_together_and_uses_page_caps
TC-42	作業員の支払書は翌月末で対象期間なし	期間印刷	職人の伝票あり	支払書をつける	9/1〜9/30	支払書に「2026年10月末」。対象期間は出ない。応援は支払書なし	自動OK	test_worker_kagami_shows_next_month_end_not_period
TC-43	手入力の単価と金額が印刷に出る	期間印刷	単価区分=手入力	元請の期間印刷	単価250×数量4	印刷に250と1,000	自動OK	test_manual_unit_and_amount_print_on_moto_sheet
TC-44	1次企業を選ぶと請求先が1次企業	入力	現場の元請と別の1次企業	1次企業を選んで確認	元請A、1次B	請求先はB。元請一覧は請求先で絞る	自動OK	test_form_billing_follows_primary_company

