項目	内容
コンセプト	請求支払い入力。日次の作業伝票を1画面で保存し、同じデータから元請請求書・職人支払書・手元支払書・応援支払書を出す。
ターゲット	自社の事務・現場責任者（社内利用。元請や職人へのログイン公開はしない）
解決したい課題とその解決策	元請・職人・手元・応援で単価も配分も違うため、入力が分かれると金額がずれる。1画面入力で4者分を計算し、相手を選んで期間指定印刷する。印刷後は印刷済みが分かり、元請は締め日が分かるようにする。
利用シーン	毎日の伝票入力。月末前後の相手別確認・期間印刷。元請の締めに合わせた未請求の確認。
利用の流れ	①マスタ（元請・現場・職人・手元・応援・寸法・単価・元請締め日）②1画面で伝票入力③確認して保存（元請・職人・手元・応援の金額が同時にできる）④相手を選んで保存済み一覧⑤期間指定⑥印刷（請求書／支払書）⑦印刷済みと未請求が分かる
類似既存アプリで表現	紙伝票とExcel。会計ソフトの請求機能は、元請ごとの締め・手元％配分に合わないため使わない。
なぜあなたがこれを行うのか	自社の圧接・鍛冶などの現場で、請求日・手元人数による職人控除・手元ごとの加算％が既存ソフトに合わないため。
最低限機能	1画面入力（伝票番号・日付・現場・元請・職人・手元最大3人・応援・作業最大15行）／手元人数で職人控除（1人35%・2人以上40%）／手元は個人％を支払に反映／単価マスタ（元請・職人・手元・応援）／相手別一覧（元請・職人・手元・応援の4択）／編集・削除／確認画面／単票印刷／期間指定印刷で請求書・支払書／印刷済みが分かる／未請求・未印刷一覧／元請締め日の表示／印刷後の金額固定（再計算しない）
あったら良い機能	配置予定・休日の伝票反映／元請ごとの専用請求書レイアウト／PDF・Excel出力／同一日付・現場・職人の二重入力警告／常傭と出来高の行区分明示
やらないこと・入れない機能	一般公開・課金・会員登録／会計ソフト連携／勤怠打刻／配置ノート本体（今期対象外）／元請・職人への外部ログイン
後で決めること	印刷済みの訂正は「印刷取消して再印刷」か「赤伝」か（推奨は取消して再印刷）／GitURL・ステージング・本番URL／専用請求書の紙面／締め後入力をロックするか警告だけか（今期は警告）
	
	
▼ビジネスサイドの人は書いてみてください。	社内専用のため対象外
集客方法	対象外（社内利用）
アクティブ維持方法	対象外（日常の伝票入力が利用そのもの）
マネタイズ方法	対象外（自社業務の効率化）
	
	
▼アプリ情報	
アプリGitURL	未定
アプリステージングURL	未定（ローカル開発）
アプリリリースURL	未定
	
	
	
	
	
	
▼アイデアブレスト	参考：ポートフォリオアプリTips
知っているアプリ・Webサービス	Excel、紙の作業日報・請求書、会計ソフトの請求機能
自分の趣味・仕事関係	圧接・鍛冶・溶接などの現場施工。元請への請求と、職人・手元・応援への支払。
知っているアプリ・Webサービス ✕ 自分の趣味・仕事関係  のアプリを書いてください。	請求支払い入力（本アプリ）
	1画面の入力保存で、元請請求書、職人支払書、手元支払書、応援支払書を作成する。
	・請求日（締め日）が違う元請管理
	　元請専用請求書は後回し。まずは現場・期間・元請ごとの請求印刷
	・下請け、職人、手元の支払い配分計算
	　職人から引く％は手元人数（1人35%、2人以上40%）
	　手元のプラス％は人により異なる（支払側のみ。職人控除には使わない）
	
	
	配置予定①②③④（今期はやらない。あったら良い）
	↓
	配置ノート①②④（今期はやらない）
	↓
	勤怠表①②④（今期はやらない）
	 
	職人支払伝票①②③④⑤　→ 実装する（相手選択＋期間印刷）
	手元支払伝票①②③④⑥　→ 実装する
	元請請求伝票②③④⑦　　→ 実装する
	応援支払伝票（企業・単価）→ 実装する
	
	
	①職人、手元
	②現場名
	③作業内容
	④元請（元請ごと）
	⑤職人単価
	⑥手元割合（個人％。人数ルールと併用）
	⑦元請請求単価
	※ゼネコン＝元請マスタ
	⑧応援企業単価
	⑨印刷済み／未請求
	⑩元請締め日
