画面	url	画面パーツ	機能	データ	ユーザー（権限）	備考	参考URL
作業記録入力（1画面保存）	/ および /workrecord/create/	伝票番号、日付、現場、元請、職人、手元1〜3、応援企業、作業内容・寸法・作業量・備考（最大15行）、保存ボタン	1回の保存で元請・職人・手元・応援の金額計算のもとになる伝票を作成する。作業内容は1行以上必須。手元の重複選択は不可。	WorkRecord（複数行）、Site、GeneralContractor、Worker、Company、WorkSize	社内利用者のみ（認証は未実装）	現状の中心画面。単価はマスタから取得（get_unit_price）。手元人数で職人控除。手元個人％は手元支払のみ。	
入力内容の確認	/workrecord/review/	元請・職人・手元・応援の区分表示、行ごとの単価・金額、戻る／保存	保存前に4者分の金額を確認する	セッション中の入力内容	社内	POSTで確認へ。確定後にWorkRecordへ保存	
作業記録一覧（相手別）	/workrecord/list/	相手ラジオ（元請／職人／手元／応援）、相手セレクト、表示、伝票表（印刷・編集・削除）、小計・合計、印刷済み印、締め期間表示	相手を選ぶとその相手の保存済み伝票を表示する	WorkRecord、印刷状態、元請締め日	社内	【改修】現状は職人・手元が同一ラジオ。4択に分ける。印刷済み・未請求が分かること。新規入力・期間印刷・月次へのリンクあり	
作業記録編集	/workrecord/edit/<id>/	入力フォーム（1行編集）	伝票の修正	WorkRecord	社内	印刷済みは直接編集せず、印刷取消後に編集（今期ルール）	
更新確認	/workrecord/confirm/	変更前後の比較表、更新実行	編集内容の差分確認	pending_save（セッション）	社内	比較項目：伝票番号、日付、現場、区分、作業、寸法、作業量、備考、手元、単価、合計、手元％、職人控除％	
単票印刷	/workrecord/<id>/print/	印刷用レイアウト	1伝票の印刷	WorkRecord	社内	ブラウザ印刷想定	
期間指定印刷（請求書・支払書）	/workrecord/print/period/	相手4択、相手セレクト、開始日・終了日、プレビュー、印刷、印刷済みにする	期間内の伝票を集計し、元請は請求書、職人・手元・応援は支払書として出す。印刷実行で書類単位の印刷済みにする	WorkRecord、PrintedDocument（追加）、紐づく伝票	社内	【改修】kind を moto / shokunin / temoto / ouen の4種に。印刷後金額はスナップショット固定。再印刷は同じ内容可。金額変更は取消して再印刷	
月次集計	/monthly/	当月の表、月合計	今月の伝票一覧と合計	WorkRecord	社内	現状は当年当月固定。必要なら年月指定は後回し可	
元請単価マスタ	/unit/moto/	元請×寸法×単価	元請請求単価の登録・更新	GeneralContractorRate、WorkSize	社内		
職人単価マスタ	/unit/shokunin/	職人または共通単価×寸法	職人支払単価（個別→なければ共通）	WorkerRate、WorkerDefaultRate	社内		
手元設定	/unit/temoto/	手元名、個人％	手元の加算％登録	Worker.temoto_percent	社内	職人控除には使わない。支払計算のみ	
応援単価マスタ	/unit/ouen/	応援企業×寸法×単価	応援支払単価	CompanyRate	社内		
単価取得	/get_unit_price/	API（画面パーツなし）	寸法変更時に単価を返す type=contractor/worker/company	各Rateテーブル	社内	入力画面のJSから利用	
削除	/delete/<id>/	確認ダイアログ	伝票削除	WorkRecord	社内	印刷済みは削除不可（または取消後）に変更する	
Django管理画面	/admin/	モデルCRUD	元請・現場・作業員・企業・寸法・作業種類のマスタメンテ	各マスタ	管理者	締め日（closing_day）は元請マスタに追加	
未請求・未印刷一覧	/workrecord/list/ に表示（または同一画面内）	未請求件数、締め対象期間、印刷済みマーク	漏れ防止	WorkRecord、PrintedDocument、締め日	社内	【新規】相手別一覧に載せる。専用URLは必須ではない	
